ID,GOLDEN,CELLO2.5,LocTree2,MultiLoc2,WoLF PSORT,YLoc
P56378,MIT,MIT,MIT,CYT,CYT,EXC
Q2M2I8,MEM,NUC,CYT,CYT,NUC,CYT
Q9UDR5,MIT,CYT,CYT,MIT,MIT,MIT
Q9NY61,NUC,NUC,NUC,CYT,NUC,NUC
Q9NUJ1,MIT,MIT,CYT,MIT,MIT,MIT
O14639,CYT,NUC,NUC,CYT,NUC,CYT
Q969K4,CYT,CYT,NUC,CYT,CYT,CYT
Q9H845,MIT,MIT,MIT,MIT,MIT,MIT
Q5T8D3,PEX,NUC,NUC,CYT,CYT,CYT
Q96AP0,NUC,NUC,NUC,MIT,NUC,CYT
O96019,NUC,CYT,CYT,CYT,CYT,CYT
O00767,ERE,MEM,ERE,PEX,CYT,PEX
Q99798,MIT,MIT,MIT,MIT,MIT,MIT
Q13444,MEM,EXC,EXC,EXC,EXC,MEM
Q15847,NUC,MIT,EXC,CYT,CYT,CYT
Q9H2P0,NUC,NUC,NUC,NUC,NUC,NUC
Q9NRN7,CYT,CYT,MIT,MIT,MIT,MIT
P55263,NUC,CYT,CYT,CYT,CYT,CYT
P10109,MIT,MIT,MIT,MIT,MIT,MIT
Q6ZN18,NUC,NUC,NUC,NUC,NUC,NUC
P55197,NUC,NUC,NUC,NUC,NUC,NUC
Q8N556,CYT,NUC,NUC,NUC,NUC,CYT
Q9UHB7,NUC,NUC,NUC,CYT,NUC,NUC
Q9Y4W6,MIT,MIT,CYT,CYT,MEM,MIT
Q53H12,MIT,MIT,CYT,MIT,CYT,MIT
Q02040,NUC,NUC,NUC,NUC,NUC,NUC
Q92667,MIT,MIT,NUC,ERE,MIT,MEM
Q9NQ31,NUC,NUC,EXC,NUC,CYT,NUC
Q9H9L7,NUC,NUC,NUC,CYT,NUC,NUC
Q96B36,CYT,NUC,NUC,CYT,CYT,CYT
Q3SY69,MIT,CYT,CYT,MIT,MIT,CYT
Q6NS38,NUC,MIT,NUC,CYT,NUC,CYT
Q15699,NUC,NUC,NUC,NUC,NUC,NUC
Q15327,NUC,CYT,CYT,NUC,CYT,NUC
Q96LA8,NUC,CYT,CYT,CYT,NUC,CYT
Q9NQ90,MEM,MEM,ERE,MIT,MEM,MIT
Q6UB98,NUC,NUC,NUC,CYT,NUC,NUC
Q6UB99,NUC,NUC,NUC,NUC,NUC,NUC
Q86SG2,NUC,MIT,CYT,CYT,NUC,NUC
Q7Z6G8,CYT,NUC,CYT,CYT,NUC,CYT
Q06278,CYT,CYT,CYT,CYT,CYT,CYT
P05549,NUC,NUC,NUC,CYT,NUC,CYT
Q92754,NUC,NUC,NUC,CYT,NUC,CYT
Q9HDC9,MEM,MIT,CYT,ERE,MEM,GLG
P29972,MEM,MEM,ERE,MEM,MEM,MEM
Q13795,GLG,CYT,CYT,CYT,CYT,CYT
Q9NWB6,NUC,NUC,NUC,CYT,NUC,NUC
O43307,CYT,CYT,NUC,CYT,CYT,CYT
O14497,NUC,NUC,NUC,CYT,CYT,CYT
Q8IVW6,NUC,NUC,NUC,CYT,NUC,NUC
Q03989,NUC,NUC,NUC,CYT,NUC,NUC
P29374,NUC,NUC,NUC,NUC,NUC,NUC
Q9Y4B4,NUC,NUC,NUC,NUC,NUC,NUC
Q86WX3,NUC,NUC,NUC,CYT,NUC,NUC
P51689,LYS,LYS,EXC,ERE,EXC,LYS
Q9Y294,NUC,NUC,EXC,CYT,CYT,CYT
Q9NVP2,NUC,CYT,EXC,CYT,EXC,EXC
Q9UBL3,NUC,NUC,CYT,CYT,NUC,CYT
O95671,CYT,CYT,CYT,MIT,MIT,MIT
P08243,CYT,CYT,CYT,CYT,CYT,CYT
Q12797,ERE,CYT,CYT,ERE,MEM,CYT
Q76L83,NUC,NUC,NUC,CYT,NUC,NUC
P05023,MEM,MEM,MEM,CYT,MEM,CYT
P54709,MEM,EXC,EXC,PEX,CYT,MEM
P20020,MEM,MEM,MEM,CYT,MEM,CYT
P23634,MEM,MEM,MEM,CYT,MEM,CYT
Q6PL18,NUC,NUC,NUC,NUC,NUC,NUC
Q9ULI0,NUC,NUC,NUC,NUC,NUC,NUC
P18847,NUC,NUC,NUC,NUC,NUC,NUC
O95352,CYT,CYT,NUC,CYT,CYT,PEX
Q9UII2,MIT,MIT,MIT,MIT,MIT,CYT
O43313,NUC,NUC,NUC,NUC,NUC,MEM
Q13315,NUC,NUC,NUC,CYT,MEM,CYT
P25705,MIT,MIT,MIT,MIT,MIT,MIT
P06576,MIT,MIT,MIT,MIT,MIT,MIT
Q5TC12,MIT,MIT,MIT,MIT,MIT,EXC
P56134,MIT,MIT,MIT,PEX,CYT,PEX
P48047,MIT,MIT,MIT,MIT,MIT,MIT
Q13535,NUC,NUC,NUC,CYT,MEM,CYT
P46100,NUC,NUC,NUC,NUC,NUC,NUC
Q99700,CYT,NUC,CYT,CYT,MIT,NUC
Q9H7T9,CYT,NUC,NUC,CYT,NUC,NUC
Q13825,MIT,MIT,MIT,MIT,MIT,MIT
Q9BZR8,CYT,NUC,NUC,CYT,CYT,CYT
O94766,GLG,MIT,EXC,ERE,EXC,GLG
O43505,GLG,EXC,ERE,ERE,EXC,LYS
Q8WZ19,NUC,NUC,NUC,CYT,CYT,CYT
Q9H3F6,NUC,NUC,NUC,CYT,CYT,CYT
Q8TBE0,NUC,NUC,NUC,CYT,MIT,NUC
Q8N9N5,NUC,NUC,NUC,CYT,CYT,CYT
Q9NY43,NUC,NUC,NUC,NUC,NUC,NUC
Q9UIG0,NUC,NUC,NUC,NUC,NUC,NUC
Q9UIF9,NUC,NUC,NUC,NUC,NUC,NUC
Q8WY36,NUC,NUC,NUC,NUC,NUC,NUC
O14874,MIT,MIT,MIT,MIT,MIT,MIT
Q86UU0,NUC,NUC,NUC,CYT,NUC,NUC
Q9NYF8,NUC,NUC,NUC,NUC,NUC,NUC
Q6W2J9,NUC,NUC,NUC,NUC,NUC,NUC
Q8NFC6,NUC,NUC,NUC,NUC,NUC,NUC
Q9BUT1,CYT,CYT,CYT,CYT,MIT,CYT
Q02338,MIT,MIT,EXC,MIT,MIT,MIT
A6H8Y1,NUC,NUC,NUC,NUC,NUC,NUC
Q8WYA1,NUC,NUC,NUC,CYT,NUC,NUC
Q9NSY1,NUC,NUC,CYT,CYT,NUC,CYT
Q14692,NUC,NUC,NUC,NUC,NUC,NUC
Q7Z5W3,CYT,CYT,NUC,CYT,CYT,CYT
Q6ZN30,NUC,NUC,NUC,NUC,NUC,NUC
Q14137,NUC,NUC,NUC,CYT,NUC,NUC
O15178,NUC,NUC,NUC,CYT,NUC,CYT
Q7Z569,CYT,NUC,NUC,CYT,CYT,CYT
P25440,NUC,NUC,NUC,NUC,NUC,NUC
O95696,NUC,NUC,NUC,NUC,NUC,NUC
Q5VTR2,NUC,NUC,CYT,NUC,NUC,NUC
O75150,NUC,NUC,CYT,NUC,NUC,NUC
Q5PSV4,NUC,NUC,NUC,NUC,NUC,NUC
O43683,NUC,NUC,NUC,CYT,NUC,CYT
O43684,NUC,NUC,NUC,CYT,NUC,CYT
Q5T0F9,NUC,NUC,NUC,CYT,NUC,NUC
Q8IYL3,NUC,NUC,NUC,MIT,MIT,NUC
Q9H425,CYT,NUC,NUC,CYT,MIT,MIT
Q9BRK5,GLG,CYT,CYT,ERE,EXC,ERE
P19022,MEM,CYT,EXC,ERE,PEX,MEM
Q9BY67,MEM,EXC,MEM,ERE,MEM,MEM
O43852,ERE,ERE,CYT,ERE,EXC,CYT
P27824,ERE,ERE,ERE,ERE,ERE,ERE
P07384,CYT,CYT,CYT,CYT,NUC,CYT
Q9NXV6,NUC,NUC,NUC,CYT,NUC,NUC
P55212,CYT,CYT,CYT,CYT,CYT,CYT
Q86V15,NUC,NUC,NUC,NUC,NUC,NUC
Q8WUQ7,NUC,NUC,NUC,NUC,NUC,NUC
Q9UBR2,LYS,EXC,EXC,LYS,EXC,LYS
Q13191,CYT,NUC,NUC,CYT,NUC,NUC
Q13185,NUC,NUC,NUC,NUC,NUC,NUC
P83916,NUC,NUC,NUC,NUC,NUC,NUC
P45973,NUC,NUC,NUC,NUC,NUC,NUC
O95931,NUC,NUC,NUC,CYT,NUC,NUC
Q14781,NUC,NUC,CYT,NUC,NUC,NUC
O00257,NUC,NUC,CYT,CYT,NUC,NUC
Q9HC52,NUC,NUC,CYT,NUC,NUC,NUC
Q9BWC9,NUC,NUC,NUC,NUC,NUC,NUC
Q8TBZ0,NUC,NUC,NUC,CYT,NUC,NUC
Q49A88,CYT,NUC,CYT,NUC,NUC,NUC
Q8IVM0,CYT,NUC,CYT,NUC,NUC,NUC
Q9H6F5,NUC,NUC,NUC,CYT,NUC,NUC
Q16204,CYT,NUC,CYT,CYT,NUC,NUC
Q8WWL7,NUC,NUC,NUC,CYT,NUC,CYT
P24863,NUC,NUC,NUC,CYT,CYT,MEM
P24864,NUC,NUC,NUC,CYT,CYT,NUC
P51959,NUC,NUC,NUC,CYT,CYT,PEX
O75909,NUC,NUC,NUC,CYT,CYT,NUC
Q9UK58,NUC,NUC,NUC,NUC,NUC,NUC
Q96S94,NUC,NUC,NUC,NUC,CYT,NUC
O60563,NUC,NUC,NUC,CYT,NUC,NUC
P86790,LYS,CYT,NUC,CYT,CYT,CYT
Q7L3B6,CYT,NUC,NUC,CYT,CYT,CYT
P16070,MEM,NUC,EXC,ERE,EXC,MEM
Q08722,MEM,MEM,GLG,ERE,MEM,MEM
P01730,MEM,EXC,MEM,ERE,PEX,MEM
P21926,MEM,MEM,GLG,ERE,MEM,MEM
Q8NHZ8,NUC,NUC,NUC,CYT,NUC,NUC
Q16543,CYT,NUC,NUC,CYT,CYT,NUC
Q9BXL8,NUC,NUC,NUC,CYT,CYT,CYT
Q6P1J9,NUC,MIT,NUC,CYT,CYT,CYT
Q69YH5,NUC,NUC,NUC,NUC,NUC,NUC
Q14004,NUC,NUC,NUC,NUC,NUC,NUC
P06493,CYT,NUC,CYT,CYT,CYT,CYT
O76039,NUC,NUC,NUC,NUC,NUC,NUC
Q16667,CYT,EXC,CYT,CYT,CYT,CYT
P49918,NUC,NUC,NUC,MIT,EXC,NUC
Q9H211,NUC,NUC,NUC,CYT,NUC,NUC
Q9UKY7,CYT,NUC,NUC,NUC,NUC,NUC
Q9Y232,NUC,NUC,CYT,MIT,NUC,NUC
Q6ZU80,CYT,NUC,CYT,CYT,NUC,NUC
O94986,CYT,NUC,CYT,CYT,CYT,NUC
Q5SW79,CYT,NUC,NUC,NUC,NUC,NUC
P49716,NUC,NUC,NUC,NUC,NUC,NUC
P53567,NUC,NUC,NUC,NUC,NUC,NUC
P07199,NUC,NUC,NUC,CYT,NUC,NUC
Q03188,NUC,NUC,NUC,NUC,NUC,NUC
Q7L2Z9,NUC,NUC,NUC,CYT,NUC,NUC
Q6IPU0,NUC,CYT,CYT,CYT,CYT,NUC
Q96LK0,CYT,NUC,NUC,CYT,CYT,CYT
Q8IW35,CYT,NUC,NUC,CYT,CYT,CYT
Q9UFW8,NUC,NUC,NUC,NUC,MIT,NUC
Q99675,NUC,EXC,EXC,MEM,EXC,MEM
Q8WYQ3,MIT,NUC,MIT,MIT,NUC,MIT
Q9BSY4,MIT,EXC,EXC,CYT,EXC,CYT
Q9P2D1,NUC,NUC,NUC,NUC,NUC,NUC
Q86WJ1,NUC,CYT,NUC,CYT,NUC,NUC
O14647,NUC,NUC,NUC,NUC,NUC,NUC
Q9HCK8,NUC,NUC,NUC,NUC,NUC,NUC
Q9UKJ5,MEM,NUC,NUC,CYT,CYT,CYT
Q9Y3Y2,NUC,NUC,CYT,CYT,MIT,MIT
Q9BUH6,NUC,NUC,CYT,CYT,NUC,CYT
Q9Y375,MIT,CYT,MIT,MIT,MIT,MIT
Q8N365,NUC,NUC,NUC,CYT,NUC,NUC
Q96RK0,NUC,NUC,NUC,CYT,NUC,NUC
Q9P2M7,MEM,NUC,CYT,CYT,NUC,NUC
Q9C0C6,NUC,NUC,NUC,CYT,NUC,NUC
Q9NZ45,MIT,MIT,MIT,PEX,EXC,EXC
O75390,MIT,MIT,MIT,MIT,MIT,MIT
Q99967,NUC,NUC,NUC,CYT,NUC,CYT
Q8N2M8,NUC,NUC,NUC,NUC,NUC,NUC
O14493,MEM,MEM,GLG,CYT,MEM,MEM
P49760,NUC,NUC,NUC,NUC,NUC,NUC
O75503,LYS,LYS,EXC,LYS,CYT,LYS
Q92989,NUC,CYT,CYT,CYT,CYT,CYT
Q16740,MIT,MIT,MIT,MIT,MIT,MIT
O96005,MEM,MEM,ERE,PEX,MEM,MEM
Q9HAW4,NUC,NUC,NUC,CYT,NUC,NUC
Q9UJS0,MIT,MIT,MIT,CYT,CYT,PEX
P56277,MIT,MIT,MIT,CYT,EXC,CYT
Q8N1G2,NUC,NUC,NUC,CYT,CYT,NUC
Q6IBW4,NUC,NUC,NUC,CYT,NUC,NUC
Q8NE01,MEM,MEM,MEM,ERE,MEM,MEM
Q8N137,CYT,NUC,CYT,CYT,NUC,NUC
Q7Z7A1,CYT,CYT,CYT,CYT,NUC,NUC
Q9GZY4,MIT,MIT,CYT,PEX,MIT,MIT
Q9Y2R0,MIT,NUC,MIT,PEX,MEM,CYT
Q5JTJ3,MIT,NUC,MIT,MIT,EXC,EXC
P38432,NUC,NUC,NUC,NUC,NUC,NUC
Q99708,NUC,NUC,NUC,CYT,NUC,NUC
Q9NQ92,NUC,NUC,NUC,CYT,CYT,NUC
Q96I36,MIT,MIT,EXC,CYT,EXC,EXC
Q14061,MIT,MIT,EXC,CYT,EXC,CYT
Q49B96,CYT,NUC,CYT,CYT,EXC,CYT
P10606,MIT,MIT,MIT,MIT,MIT,MIT
P09669,MIT,MIT,EXC,MIT,MIT,MIT
P24311,MIT,MIT,MIT,PEX,MIT,MIT
O14548,MIT,MIT,MIT,CYT,CYT,MIT
Q9NRP2,MIT,NUC,NUC,NUC,EXC,CYT
O43303,CYT,NUC,NUC,CYT,NUC,NUC
Q9UPN4,CYT,NUC,CYT,CYT,CYT,NUC
Q9BV73,CYT,EXC,CYT,CYT,CYT,NUC
Q16850,ERE,MEM,NUC,ERE,ERE,GLG
Q9BRF8,CYT,CYT,CYT,CYT,CYT,CYT
O43809,NUC,MIT,NUC,CYT,MIT,MIT
Q16630,NUC,NUC,NUC,CYT,NUC,NUC
Q8N684,NUC,NUC,NUC,CYT,NUC,NUC
P16220,NUC,NUC,NUC,NUC,NUC,NUC
Q8IUR6,NUC,NUC,NUC,NUC,NUC,NUC
Q5TZA2,CYT,NUC,CYT,CYT,NUC,NUC
Q1MSJ5,CYT,NUC,NUC,NUC,NUC,NUC
Q96S65,NUC,NUC,NUC,CYT,NUC,NUC
P33240,NUC,NUC,NUC,CYT,NUC,CYT
Q9H0L4,NUC,NUC,NUC,CYT,NUC,CYT
Q9GZU7,NUC,CYT,NUC,CYT,CYT,CYT
Q8WVB6,NUC,NUC,NUC,CYT,CYT,NUC
P0CG12,NUC,NUC,NUC,EXC,NUC,MIT
O43310,CYT,NUC,NUC,NUC,NUC,NUC
P35221,MEM,CYT,NUC,NUC,NUC,CYT
P30825,MEM,MEM,MEM,MEM,MEM,MEM
Q13620,NUC,NUC,NUC,CYT,NUC,NUC
P14854,MIT,MIT,MIT,CYT,EXC,CYT
P78310,MEM,NUC,MEM,ERE,MEM,MEM
Q9P0U4,NUC,NUC,NUC,NUC,NUC,NUC
P08574,MIT,MIT,MIT,MIT,MIT,MIT
O43169,MIT,MIT,ERE,CYT,PEX,CYT
Q9Y4D1,CYT,NUC,NUC,CYT,MEM,CYT
Q9UI36,NUC,NUC,NUC,NUC,CYT,ERE
Q8NFT6,NUC,NUC,NUC,CYT,NUC,NUC
Q9NR28,MIT,MIT,MIT,MIT,MIT,MIT
Q9UK59,NUC,NUC,NUC,CYT,NUC,CYT
Q9NV06,NUC,MIT,NUC,CYT,NUC,NUC
Q6PJP8,NUC,NUC,NUC,NUC,NUC,NUC
Q96HY6,ERE,CYT,CYT,ERE,EXC,MIT
Q96FC9,NUC,NUC,NUC,NUC,MEM,NUC
Q9NVP1,NUC,NUC,NUC,MIT,NUC,NUC
Q92841,NUC,NUC,CYT,CYT,NUC,NUC
Q9H8H2,NUC,NUC,NUC,NUC,NUC,NUC
Q9UJV9,NUC,CYT,NUC,CYT,CYT,NUC
Q9NR30,NUC,NUC,NUC,NUC,NUC,NUC
Q9BUQ8,NUC,NUC,NUC,NUC,NUC,NUC
Q9BQ39,NUC,NUC,NUC,NUC,NUC,NUC
Q9H0S4,NUC,NUC,NUC,NUC,NUC,NUC
Q9Y2R4,NUC,NUC,NUC,CYT,NUC,NUC
Q8N8A6,NUC,NUC,NUC,NUC,NUC,NUC
P17844,NUC,NUC,CYT,NUC,NUC,NUC
P35659,NUC,NUC,NUC,CYT,NUC,NUC
Q5TB30,NUC,NUC,NUC,CYT,NUC,CYT
P00367,MIT,MIT,MIT,MIT,MIT,MIT
P49448,MIT,MIT,MIT,MIT,MIT,MIT
Q9BTZ2,PEX,MIT,CYT,PEX,MIT,MIT
Q96HY7,MIT,CYT,CYT,MIT,NUC,MIT
Q9UPY3,CYT,NUC,NUC,EXC,NUC,NUC
Q9UNQ2,NUC,MIT,MIT,CYT,CYT,NUC
Q155Q3,CYT,NUC,CYT,CYT,NUC,CYT
Q9UBS4,ERE,CYT,CYT,ERE,EXC,ERE
P09622,MIT,MIT,MIT,MIT,MIT,MIT
Q9Y222,NUC,NUC,NUC,CYT,NUC,NUC
Q5SXM8,MIT,MIT,MIT,MIT,MIT,MIT
P26358,NUC,NUC,NUC,NUC,MIT,NUC
Q8IZD9,CYT,NUC,NUC,CYT,MEM,CYT
Q9H7D0,CYT,NUC,NUC,CYT,NUC,CYT
Q96HP0,CYT,NUC,NUC,CYT,NUC,CYT
Q9NP87,NUC,MIT,NUC,MIT,NUC,NUC
Q7Z5Q5,NUC,NUC,CYT,CYT,NUC,CYT
Q6V1X1,CYT,CYT,CYT,CYT,CYT,CYT
Q86TI2,CYT,CYT,CYT,CYT,CYT,CYT
Q14194,CYT,CYT,CYT,CYT,CYT,CYT
Q9H410,NUC,NUC,NUC,CYT,NUC,NUC
P51452,NUC,EXC,NUC,CYT,CYT,CYT
P33316,NUC,MIT,MIT,MIT,MIT,MIT
Q8WXX0,CYT,CYT,NUC,CYT,CYT,CYT
A0AVK6,NUC,NUC,NUC,CYT,NUC,NUC
Q96AV8,NUC,NUC,NUC,CYT,NUC,NUC
Q96JC9,NUC,NUC,NUC,NUC,NUC,NUC
Q96CJ1,NUC,NUC,NUC,NUC,CYT,NUC
Q99848,NUC,NUC,NUC,CYT,NUC,NUC
P40939,MIT,MIT,CYT,MIT,MIT,MIT
P55084,MIT,MIT,CYT,MIT,NUC,MIT
P29692,NUC,CYT,NUC,CYT,CYT,NUC
Q96RP9,MIT,MIT,CYT,MIT,MIT,MIT
P49411,MIT,MIT,MIT,ERE,MIT,MIT
Q96KS0,NUC,MIT,NUC,CYT,NUC,CYT
Q96KQ7,NUC,NUC,CYT,NUC,CYT,NUC
Q8N6I1,NUC,NUC,CYT,NUC,NUC,NUC
Q99613,CYT,NUC,NUC,CYT,NUC,NUC
O15371,CYT,NUC,NUC,CYT,CYT,CYT
O75822,CYT,NUC,NUC,CYT,NUC,NUC
Q7L2H7,CYT,CYT,NUC,CYT,CYT,CYT
Q99607,NUC,NUC,NUC,CYT,NUC,CYT
Q9UKW6,NUC,NUC,NUC,CYT,EXC,CYT
Q9HB65,NUC,NUC,NUC,CYT,NUC,CYT
P55199,NUC,NUC,NUC,NUC,NUC,NUC
Q9H9T3,CYT,MIT,CYT,CYT,CYT,CYT
Q00013,MEM,NUC,CYT,CYT,NUC,CYT
O43402,CYT,EXC,EXC,CYT,EXC,GLG
P50402,NUC,NUC,NUC,CYT,CYT,NUC
Q9H4I9,MIT,MIT,MIT,PEX,MIT,MIT
Q6PJG2,NUC,NUC,NUC,CYT,NUC,NUC
Q7Z589,NUC,NUC,EXC,NUC,NUC,NUC
Q04743,NUC,NUC,NUC,NUC,NUC,NUC
P14625,ERE,ERE,CYT,ERE,ERE,ERE
Q96L91,NUC,NUC,NUC,CYT,NUC,NUC
O75616,MIT,MIT,MIT,MIT,MIT,MIT
Q8IYD1,CYT,CYT,CYT,CYT,CYT,CYT
Q96DZ1,ERE,CYT,EXC,MEM,EXC,ERE
O75477,ERE,CYT,MEM,ERE,EXC,ERE
O94905,ERE,CYT,MIT,ERE,EXC,ERE
P30042,MIT,MIT,CYT,MIT,MIT,MIT
Q8TE68,CYT,NUC,NUC,CYT,NUC,CYT
Q9H6T0,NUC,NUC,NUC,CYT,NUC,MEM
P23141,ERE,ERE,EXC,MIT,EXC,ERE
P13804,MIT,MIT,CYT,MIT,MIT,MIT
P38117,MIT,MIT,MIT,CYT,CYT,CYT
Q9UQ84,NUC,NUC,NUC,CYT,NUC,NUC
O43909,ERE,CYT,MEM,ERE,MEM,GLG
Q92800,NUC,NUC,CYT,CYT,NUC,NUC
Q15910,NUC,NUC,NUC,NUC,NUC,NUC
P50502,CYT,CYT,CYT,NUC,NUC,CYT
Q6UWZ7,NUC,NUC,NUC,ERE,EXC,NUC
Q8IX21,NUC,NUC,EXC,CYT,NUC,NUC
Q9H8M7,NUC,CYT,CYT,CYT,NUC,MEM
Q9GZU8,NUC,NUC,NUC,NUC,NUC,NUC
Q9NX38,NUC,NUC,CYT,CYT,EXC,CYT
Q9UK61,NUC,NUC,NUC,NUC,NUC,NUC
Q14320,NUC,CYT,NUC,NUC,NUC,NUC
Q5VUD6,ERE,EXC,EXC,ERE,EXC,GLG
Q8NAN2,MIT,NUC,NUC,ERE,CYT,CYT
Q5HYJ3,NUC,NUC,NUC,CYT,NUC,NUC
Q9BXW9,NUC,NUC,NUC,CYT,NUC,NUC
Q8WVX9,PEX,MEM,MIT,CYT,CYT,PEX
Q9UNN5,NUC,NUC,NUC,CYT,NUC,CYT
Q9NYY8,MIT,NUC,NUC,CYT,MIT,CYT
Q92520,GLG,CYT,MEM,ERE,EXC,EXC
Q9Y2M0,NUC,NUC,NUC,CYT,NUC,NUC
Q9HB96,NUC,CYT,EXC,CYT,NUC,CYT
Q9NVI1,NUC,NUC,NUC,CYT,NUC,CYT
Q8IYD8,NUC,NUC,NUC,NUC,NUC,NUC
Q9BX63,NUC,NUC,NUC,CYT,NUC,NUC
Q6NZ36,NUC,NUC,NUC,EXC,NUC,NUC
P49327,CYT,CYT,CYT,CYT,CYT,CYT
Q8N539,MEM,EXC,EXC,PEX,MEM,GLG
Q969H0,NUC,NUC,NUC,CYT,NUC,CYT
P37268,ERE,NUC,ERE,CYT,CYT,PEX
Q96AY3,ERE,CYT,MIT,ERE,EXC,ERE
O95302,ERE,CYT,CYT,ERE,EXC,ERE
Q15007,NUC,NUC,CYT,NUC,NUC,NUC
Q9Y5Y0,MEM,MEM,GLG,CYT,MEM,MEM
Q8WW38,NUC,NUC,NUC,NUC,NUC,NUC
P55317,NUC,NUC,NUC,NUC,NUC,NUC
P85037,NUC,NUC,NUC,CYT,NUC,NUC
Q01167,NUC,NUC,NUC,CYT,NUC,NUC
P58012,NUC,NUC,NUC,CYT,NUC,NUC
Q9H334,NUC,NUC,NUC,CYT,NUC,NUC
Q0VG06,NUC,CYT,EXC,MIT,EXC,MEM
O95073,NUC,NUC,NUC,NUC,CYT,NUC
Q96AE4,NUC,NUC,CYT,CYT,CYT,NUC
Q96I24,NUC,NUC,CYT,CYT,CYT,CYT
P35637,NUC,NUC,EXC,CYT,NUC,NUC
Q4VC44,NUC,NUC,EXC,NUC,NUC,NUC
Q96IG2,CYT,EXC,NUC,CYT,CYT,CYT
P51114,CYT,CYT,CYT,CYT,NUC,NUC
Q96CU9,MIT,MIT,PEX,MIT,MIT,MIT
Q9UP38,MEM,MEM,MEM,PEX,MEM,MEM
P24522,NUC,CYT,EXC,CYT,EXC,CYT
Q8TAK5,NUC,CYT,CYT,CYT,NUC,CYT
Q10471,GLG,MIT,CYT,ERE,EXC,MEM
Q14435,GLG,CYT,NUC,ERE,GLG,GLG
Q86SF2,GLG,CYT,CYT,ERE,ERE,ERE
Q14C86,CYT,NUC,NUC,CYT,MEM,CYT
Q8N292,MEM,EXC,MEM,ERE,EXC,ERE
Q5JY77,CYT,CYT,CYT,CYT,NUC,CYT
O75879,MIT,MIT,CYT,MIT,MIT,MIT
Q8WUU5,NUC,MIT,NUC,PEX,CYT,MIT
Q92947,MIT,MIT,MIT,MIT,MIT,MIT
Q92616,CYT,CYT,NUC,CYT,MEM,CYT
P23378,MIT,MIT,CYT,MIT,MIT,MIT
Q02108,CYT,CYT,CYT,CYT,CYT,CYT
P52565,CYT,CYT,CYT,CYT,CYT,CYT
P52566,CYT,CYT,CYT,CYT,CYT,CYT
P14136,CYT,CYT,CYT,MIT,MIT,NUC
Q9NWU2,NUC,CYT,NUC,CYT,CYT,CYT
Q9Y2X7,CYT,NUC,EXC,CYT,MIT,CYT
Q9Y223,CYT,CYT,CYT,CYT,MIT,CYT
Q8IVS8,CYT,MIT,CYT,MIT,MIT,MIT
Q86SX6,MIT,MIT,MIT,MIT,CYT,MIT
O94925,MIT,MIT,CYT,MIT,MIT,MIT
P14314,ERE,NUC,EXC,ERE,EXC,ERE
Q49A26,NUC,NUC,CYT,MIT,NUC,MIT
Q9NVN8,NUC,NUC,NUC,CYT,NUC,NUC
Q9BVP2,NUC,NUC,NUC,NUC,NUC,NUC
Q8TBA6,GLG,NUC,CYT,CYT,CYT,NUC
Q14789,GLG,NUC,CYT,CYT,PEX,NUC
O95249,GLG,NUC,GLG,CYT,CYT,NUC
Q92917,NUC,NUC,CYT,CYT,CYT,NUC
P81274,CYT,NUC,CYT,CYT,NUC,CYT
Q9NZI5,NUC,NUC,CYT,CYT,NUC,CYT
Q8TE85,NUC,NUC,NUC,CYT,NUC,CYT
P38646,MIT,MIT,CYT,MIT,MIT,MIT
Q9HAV7,MIT,MIT,CYT,MIT,MIT,MIT
Q8TAA5,MIT,MIT,CYT,MIT,MIT,MIT
Q9BQ67,NUC,CYT,NUC,CYT,NUC,CYT
Q9NZM5,NUC,NUC,NUC,NUC,NUC,NUC
Q92896,GLG,NUC,EXC,ERE,PEX,ERE
Q9Y2Q3,PEX,MIT,MIT,PEX,CYT,PEX
Q8NBJ5,ERE,MIT,EXC,ERE,EXC,ERE
Q969Y2,MIT,CYT,CYT,MIT,MIT,MIT
P07305,NUC,NUC,NUC,NUC,NUC,NUC
Q9P0M6,NUC,NUC,NUC,MIT,MIT,NUC
P16104,NUC,NUC,NUC,MIT,NUC,NUC
O75367,NUC,NUC,NUC,NUC,MIT,NUC
P62805,NUC,NUC,NUC,CYT,NUC,NUC
Q9P035,ERE,MEM,ERE,CYT,CYT,MEM
Q75N03,NUC,NUC,NUC,CYT,NUC,NUC
Q96CS2,CYT,CYT,CYT,CYT,NUC,NUC
Q7Z4H7,CYT,NUC,NUC,CYT,NUC,CYT
O60381,NUC,NUC,NUC,CYT,NUC,NUC
Q16836,MIT,MIT,MIT,MIT,MIT,MIT
Q13547,NUC,NUC,NUC,CYT,CYT,CYT
Q7Z4V5,NUC,NUC,NUC,NUC,NUC,NUC
Q9Y3E1,NUC,NUC,NUC,NUC,NUC,NUC
Q9H583,NUC,NUC,NUC,CYT,MEM,CYT
P36551,MIT,MIT,CYT,MIT,MIT,MIT
Q96MH2,NUC,NUC,NUC,NUC,NUC,NUC
Q6NVY1,MIT,MIT,CYT,MIT,MIT,MIT
Q9BX68,MIT,MIT,CYT,MIT,MIT,MIT
Q9BW71,NUC,NUC,NUC,CYT,NUC,NUC
P09429,NUC,NUC,NUC,NUC,NUC,NUC
P82970,NUC,NUC,NUC,CYT,NUC,NUC
P20823,NUC,NUC,NUC,CYT,NUC,NUC
P31942,NUC,NUC,NUC,CYT,CYT,CYT
Q1KMD3,NUC,NUC,CYT,CYT,NUC,NUC
Q9BUJ2,NUC,NUC,NUC,CYT,NUC,NUC
P61978,NUC,NUC,CYT,NUC,NUC,NUC
P52272,NUC,NUC,NUC,CYT,CYT,CYT
Q8IX15,NUC,NUC,NUC,CYT,NUC,NUC
P35367,MEM,MEM,MEM,GLG,MEM,MEM
O43719,NUC,NUC,NUC,NUC,NUC,NUC
P19367,MIT,CYT,CYT,CYT,CYT,CYT
P07099,ERE,CYT,CYT,ERE,ERE,LYS
Q9H9L3,NUC,NUC,CYT,NUC,NUC,NUC
Q8IU81,NUC,NUC,NUC,CYT,CYT,CYT
Q9H1B7,NUC,NUC,NUC,CYT,MIT,NUC
Q9Y2F5,NUC,NUC,NUC,CYT,NUC,NUC
Q14197,MIT,NUC,MIT,MIT,MIT,MIT
P51553,MIT,MIT,MIT,MIT,MIT,MIT
P05198,CYT,CYT,NUC,CYT,CYT,NUC
P46199,MIT,MIT,MIT,MIT,MIT,MIT
Q9H2K0,MIT,NUC,NUC,MIT,MIT,NUC
P06730,CYT,NUC,NUC,CYT,CYT,CYT
P09914,CYT,CYT,CYT,CYT,CYT,CYT
Q96FT9,CYT,NUC,NUC,CYT,CYT,NUC
Q969P0,MEM,MIT,MEM,ERE,EXC,MEM
Q9UBC1,NUC,NUC,CYT,NUC,NUC,NUC
Q70UQ0,ERE,NUC,CYT,ERE,MEM,NUC
Q9UKS7,NUC,NUC,NUC,CYT,NUC,NUC
Q9H2S9,NUC,NUC,NUC,CYT,NUC,NUC
Q9H5V7,NUC,NUC,NUC,CYT,NUC,NUC
P40189,MEM,EXC,EXC,MEM,PEX,MEM
Q9NV31,NUC,MIT,CYT,CYT,CYT,CYT
Q9C086,NUC,NUC,NUC,NUC,NUC,NUC
Q6PI98,NUC,MIT,NUC,MIT,MIT,NUC
Q8NBZ0,NUC,NUC,NUC,CYT,NUC,NUC
Q9UK53,NUC,NUC,NUC,NUC,NUC,NUC
Q9H160,NUC,NUC,NUC,NUC,EXC,NUC
Q96CB8,NUC,NUC,NUC,CYT,NUC,NUC
Q9UL03,NUC,NUC,NUC,CYT,NUC,CYT
Q75QN2,NUC,NUC,NUC,CYT,CYT,CYT
Q9NV88,NUC,NUC,CYT,CYT,NUC,GLG
Q8NFU5,NUC,NUC,CYT,CYT,CYT,CYT
Q9H2U2,MIT,CYT,MIT,CYT,MIT,MIT
Q15181,CYT,CYT,CYT,CYT,CYT,CYT
Q9NWZ3,CYT,CYT,CYT,CYT,MIT,CYT
Q02556,NUC,NUC,NUC,CYT,NUC,CYT
Q9Y4H2,CYT,NUC,NUC,CYT,NUC,NUC
P26006,MEM,MEM,MEM,ERE,MEM,MEM
P23229,MEM,NUC,MEM,ERE,PEX,MEM
Q9BY32,CYT,CYT,CYT,CYT,CYT,CYT
Q15811,MEM,NUC,NUC,CYT,CYT,CYT
P26440,MIT,MIT,MIT,MIT,MIT,MIT
Q96ST2,NUC,NUC,NUC,NUC,NUC,NUC
Q9Y624,MEM,MEM,MEM,MEM,EXC,MEM
Q86VZ6,NUC,NUC,NUC,NUC,NUC,NUC
Q15652,NUC,NUC,NUC,CYT,NUC,NUC
Q96AA8,GLG,CYT,CYT,CYT,CYT,NUC
Q15397,NUC,NUC,NUC,NUC,NUC,NUC
Q2KHM9,CYT,NUC,NUC,NUC,NUC,NUC
P35900,CYT,NUC,CYT,MIT,MIT,NUC
P04264,MEM,NUC,EXC,CYT,NUC,MIT
Q9UIJ7,MIT,MIT,NUC,MIT,MIT,MIT
P27144,MIT,MIT,NUC,MIT,MIT,MIT
Q9Y6K8,CYT,CYT,CYT,CYT,CYT,CYT
Q14678,MEM,NUC,CYT,CYT,NUC,CYT
Q9P2N6,NUC,NUC,NUC,NUC,NUC,NUC
O95251,NUC,NUC,NUC,NUC,NUC,NUC
Q7Z4H8,ERE,MIT,EXC,ERE,MIT,ERE
O60341,NUC,CYT,CYT,CYT,EXC,CYT
Q9Y2K7,NUC,NUC,NUC,NUC,NUC,NUC
Q7LBC6,NUC,NUC,NUC,NUC,NUC,NUC
O75164,NUC,NUC,NUC,NUC,NUC,CYT
O94953,NUC,NUC,NUC,CYT,NUC,NUC
Q9UGL1,NUC,NUC,NUC,CYT,NUC,NUC
O75525,NUC,NUC,NUC,PEX,CYT,NUC
P46013,NUC,NUC,MIT,MIT,MIT,NUC
P52732,CYT,NUC,CYT,CYT,NUC,CYT
B2CW77,NUC,NUC,NUC,CYT,NUC,NUC
P33176,CYT,NUC,CYT,CYT,CYT,CYT
Q9Y2U9,NUC,EXC,CYT,CYT,NUC,CYT
Q9BXK1,NUC,NUC,NUC,CYT,NUC,NUC
Q13887,NUC,NUC,NUC,CYT,NUC,NUC
Q13886,NUC,NUC,NUC,NUC,NUC,NUC
Q9UJP4,CYT,MIT,CYT,CYT,NUC,CYT
Q8IXQ5,NUC,CYT,CYT,CYT,NUC,CYT
P14618,CYT,CYT,MIT,CYT,CYT,CYT
O75676,NUC,CYT,CYT,CYT,NUC,CYT
O75449,CYT,NUC,NUC,CYT,NUC,CYT
Q9NVR5,CYT,NUC,CYT,CYT,NUC,NUC
Q16719,CYT,CYT,CYT,CYT,CYT,PEX
Q6P1M3,CYT,NUC,CYT,CYT,NUC,NUC
Q9H9P8,MIT,MIT,CYT,MIT,MIT,MIT
P83111,MIT,MIT,MIT,MIT,CYT,MIT
Q6GTX8,MEM,EXC,EXC,MEM,EXC,MEM
Q92615,CYT,NUC,NUC,CYT,NUC,NUC
Q4G0J3,NUC,NUC,NUC,NUC,NUC,NUC
O95232,NUC,NUC,NUC,NUC,NUC,NUC
Q8N3X6,NUC,NUC,NUC,CYT,NUC,NUC
P07195,CYT,CYT,CYT,CYT,CYT,CYT
O95751,NUC,NUC,NUC,EXC,EXC,EXC
Q8WVC0,NUC,NUC,NUC,CYT,NUC,NUC
O95202,MIT,MIT,NUC,MIT,MIT,MIT
Q9BXB1,MEM,MEM,MEM,MEM,MEM,MEM
Q9NUP9,MEM,CYT,CYT,CYT,CYT,CYT
Q5TKA1,NUC,NUC,NUC,CYT,NUC,NUC
Q13136,CYT,NUC,CYT,NUC,NUC,NUC
Q9Y468,NUC,NUC,NUC,NUC,NUC,NUC
Q03252,NUC,NUC,CYT,NUC,NUC,NUC
P36776,MIT,MIT,CYT,MIT,MIT,MIT
O95490,MEM,MEM,MEM,MEM,MEM,MEM
Q96CN5,CYT,CYT,CYT,CYT,CYT,NUC
Q5T3J3,NUC,NUC,NUC,NUC,NUC,NUC
Q969L4,NUC,CYT,NUC,CYT,CYT,CYT
P83369,NUC,NUC,NUC,NUC,NUC,NUC
Q9Y333,NUC,NUC,NUC,CYT,CYT,CYT
Q86X29,MEM,MEM,NUC,CYT,NUC,MEM
Q0VGL1,LYS,MIT,CYT,CYT,EXC,CYT
P10253,LYS,LYS,EXC,LYS,EXC,LYS
Q9NX58,NUC,NUC,NUC,NUC,NUC,NUC
Q5VWZ2,CYT,MIT,CYT,MIT,CYT,MIT
Q9NQ48,CYT,CYT,CYT,CYT,CYT,NUC
P41279,CYT,CYT,CYT,CYT,CYT,CYT
Q16706,GLG,NUC,MIT,ERE,MEM,GLG
Q8IWC1,CYT,NUC,NUC,NUC,NUC,NUC
Q9BQ69,NUC,MIT,CYT,MIT,MIT,MIT
Q92585,NUC,NUC,NUC,CYT,NUC,NUC
Q96JK9,NUC,NUC,NUC,CYT,NUC,NUC
Q8IZL2,NUC,NUC,NUC,CYT,CYT,NUC
Q13495,NUC,NUC,NUC,CYT,NUC,NUC
Q5SRI9,GLG,MIT,MIT,ERE,EXC,GLG
P23368,MIT,MIT,CYT,MIT,MIT,MIT
Q9UPY8,CYT,CYT,NUC,CYT,CYT,CYT
Q96EH3,MIT,MIT,CYT,MIT,MIT,MIT
Q7Z434,MIT,NUC,NUC,CYT,CYT,CYT
P56270,NUC,NUC,NUC,CYT,NUC,EXC
Q9UIS9,NUC,NUC,NUC,CYT,NUC,NUC
Q9UBB5,NUC,NUC,NUC,NUC,NUC,NUC
Q6VMQ6,NUC,NUC,EXC,NUC,NUC,NUC
Q96RQ3,MIT,MIT,MIT,MIT,MIT,MIT
Q9HCC0,MIT,MIT,MIT,MIT,EXC,MIT
Q7L590,NUC,NUC,NUC,NUC,NUC,NUC
P49736,NUC,NUC,NUC,CYT,NUC,NUC
P33991,NUC,NUC,NUC,MIT,NUC,NUC
P33993,NUC,NUC,CYT,CYT,NUC,NUC
Q9UJA3,NUC,NUC,CYT,CYT,NUC,NUC
Q9BTE3,NUC,NUC,NUC,CYT,CYT,CYT
Q9ULC4,CYT,MIT,CYT,CYT,CYT,CYT
Q14676,NUC,NUC,EXC,CYT,NUC,NUC
P40926,MIT,MIT,CYT,MIT,MIT,MIT
Q9BV79,MIT,MIT,CYT,MIT,MIT,MIT
Q9BTT4,NUC,NUC,NUC,CYT,CYT,NUC
Q93074,NUC,NUC,NUC,CYT,MEM,NUC
A0JLT2,NUC,NUC,NUC,CYT,NUC,NUC
Q15648,NUC,NUC,EXC,NUC,NUC,NUC
Q71SY5,NUC,NUC,NUC,CYT,CYT,PEX
Q6P2C8,NUC,EXC,NUC,CYT,CYT,CYT
Q9NX70,NUC,NUC,NUC,CYT,EXC,NUC
Q02078,NUC,NUC,NUC,CYT,NUC,NUC
Q14814,NUC,NUC,NUC,CYT,NUC,NUC
O00470,NUC,NUC,EXC,CYT,NUC,NUC
O00255,NUC,NUC,NUC,ERE,MIT,GLG
Q14696,ERE,NUC,ERE,ERE,EXC,EXC
Q9HCE5,NUC,NUC,NUC,CYT,CYT,NUC
Q8IWI9,NUC,NUC,NUC,NUC,NUC,NUC
Q9BQP7,MIT,NUC,NUC,MIT,MIT,MIT
Q5JRA6,ERE,NUC,NUC,GLG,ERE,ERE
Q8N4Q1,MIT,NUC,NUC,CYT,EXC,NUC
Q5TGZ0,MIT,MIT,MIT,CYT,MIT,CYT
Q9NX63,MIT,NUC,MIT,NUC,CYT,NUC
Q16891,MIT,CYT,CYT,NUC,MIT,MIT
Q7Z3K6,NUC,NUC,NUC,CYT,NUC,NUC
Q8N183,MIT,MIT,MIT,CYT,CYT,NUC
Q8IUF8,NUC,CYT,NUC,CYT,NUC,CYT
Q9UNW1,ERE,MIT,EXC,ERE,MIT,MIT
Q96T58,NUC,NUC,NUC,NUC,NUC,NUC
Q8IXI2,MIT,NUC,MEM,CYT,CYT,CYT
Q9ULH7,NUC,NUC,NUC,CYT,NUC,NUC
P40692,NUC,CYT,CYT,CYT,NUC,CYT
Q9UHC1,NUC,NUC,NUC,CYT,NUC,CYT
Q96EY8,MIT,MIT,MIT,MIT,MIT,MIT
Q6ZRQ5,NUC,MEM,NUC,CYT,CYT,CYT
Q14149,NUC,NUC,CYT,NUC,MIT,MIT
Q8TE76,NUC,NUC,CYT,NUC,MIT,CYT
P53985,MEM,MEM,GLG,PEX,MEM,MEM
Q00325,MIT,MIT,MIT,MIT,NUC,MIT
P30307,NUC,NUC,NUC,NUC,NUC,CYT
O00566,NUC,NUC,NUC,CYT,NUC,NUC
Q10713,MIT,MIT,CYT,MIT,MIT,MIT
O75439,MIT,MIT,CYT,MIT,MIT,MIT
Q6WCQ1,CYT,NUC,CYT,NUC,NUC,NUC
P11717,LYS,EXC,EXC,LYS,MEM,MEM
P49959,NUC,NUC,NUC,CYT,CYT,NUC
Q6IN84,MIT,NUC,CYT,MIT,MIT,MIT
P33527,MEM,MEM,MEM,ERE,MEM,MEM
O95255,MEM,MEM,MEM,PEX,MEM,MEM
Q7L0Y3,MIT,NUC,NUC,MIT,MIT,MIT
O15091,MIT,MIT,CYT,MIT,CYT,GLG
O43482,NUC,EXC,NUC,MIT,NUC,MIT
Q8N5Y2,NUC,NUC,NUC,NUC,NUC,NUC
P43246,NUC,CYT,CYT,CYT,NUC,CYT
P52701,NUC,NUC,NUC,MIT,NUC,CYT
Q96DH6,CYT,MIT,CYT,CYT,NUC,PEX
Q68DK7,NUC,NUC,NUC,CYT,NUC,NUC
O94776,NUC,NUC,NUC,CYT,CYT,NUC
Q9BTC8,NUC,NUC,NUC,CYT,CYT,NUC
Q9Y6C9,MIT,MEM,MIT,MEM,EXC,PEX
Q14872,NUC,NUC,NUC,CYT,NUC,NUC
Q9Y483,NUC,NUC,NUC,NUC,NUC,NUC
Q15390,MIT,NUC,NUC,MIT,MIT,MIT
Q06455,NUC,NUC,CYT,CYT,MIT,NUC
O75648,MIT,CYT,CYT,MIT,EXC,MIT
Q13505,MIT,MIT,NUC,MIT,NUC,MIT
Q96NY9,NUC,NUC,NUC,MIT,NUC,MIT
P12524,NUC,NUC,NUC,CYT,NUC,NUC
P01106,NUC,NUC,NUC,NUC,NUC,NUC
Q9NPC7,NUC,NUC,NUC,NUC,NUC,NUC
O00159,MEM,NUC,CYT,CYT,CYT,CYT
Q13459,CYT,NUC,NUC,CYT,NUC,CYT
O14974,CYT,NUC,CYT,NUC,NUC,NUC
Q5VVJ2,NUC,NUC,NUC,CYT,NUC,NUC
Q147X3,CYT,NUC,CYT,CYT,CYT,CYT
Q9UK23,GLG,EXC,EXC,MEM,EXC,MEM
Q69YI7,NUC,NUC,NUC,CYT,NUC,NUC
Q8IVL1,NUC,NUC,NUC,NUC,NUC,CYT
O75376,NUC,NUC,NUC,CYT,NUC,NUC
Q9UHB4,CYT,NUC,CYT,CYT,NUC,CYT
P51970,MIT,MIT,MIT,CYT,EXC,CYT
O43674,MIT,MIT,MIT,PEX,MIT,MIT
Q9Y6M9,MIT,MIT,MIT,MIT,MIT,MIT
O95169,MIT,MIT,MIT,MIT,MIT,MIT
Q9NX14,MIT,MIT,MIT,PEX,MIT,MIT
Q9P032,MIT,MIT,MIT,CYT,CYT,NUC
P28331,MIT,MIT,CYT,MIT,MIT,MIT
O75306,MIT,MIT,MIT,MIT,MIT,MIT
O75489,MIT,MIT,MIT,MIT,MIT,MIT
O43181,MIT,MIT,MIT,MIT,MIT,MIT
O00217,MIT,MIT,MIT,MIT,MIT,MIT
Q15843,NUC,MIT,CYT,CYT,CYT,CYT
Q8TAT5,NUC,NUC,CYT,CYT,CYT,NUC
Q9H3P2,NUC,NUC,NUC,CYT,NUC,NUC
Q8WX92,NUC,CYT,NUC,CYT,NUC,CYT
Q8IXH7,NUC,CYT,NUC,CYT,CYT,CYT
Q6P4R8,NUC,NUC,EXC,NUC,NUC,NUC
Q9Y221,NUC,CYT,CYT,CYT,CYT,CYT
Q86WB0,NUC,NUC,NUC,CYT,NUC,CYT
Q6KC79,NUC,NUC,NUC,NUC,MEM,NUC
Q9NQR4,CYT,MIT,CYT,MIT,MIT,CYT
Q8N5F7,NUC,NUC,NUC,NUC,NUC,NUC
O15226,NUC,NUC,NUC,NUC,NUC,NUC
Q9NVX2,NUC,EXC,NUC,CYT,NUC,CYT
Q86UT6,MIT,MEM,NUC,MIT,MIT,MIT
Q13423,MIT,MIT,MIT,MIT,MEM,MIT
Q9NP64,NUC,NUC,NUC,NUC,NUC,NUC
Q9BZE4,NUC,NUC,NUC,NUC,CYT,NUC
Q13823,NUC,NUC,NUC,NUC,NUC,NUC
Q9BSC4,NUC,NUC,NUC,CYT,NUC,NUC
Q9H8H0,NUC,CYT,NUC,CYT,CYT,CYT
O94818,NUC,NUC,NUC,CYT,NUC,NUC
Q9H6R4,NUC,NUC,NUC,CYT,CYT,CYT
Q9UMY1,NUC,NUC,NUC,NUC,NUC,NUC
Q76FK4,NUC,NUC,NUC,NUC,NUC,NUC
Q5C9Z4,NUC,NUC,NUC,NUC,NUC,NUC
Q9NPE3,NUC,NUC,NUC,CYT,CYT,NUC
P78316,NUC,NUC,NUC,NUC,MEM,NUC
Q9Y3C1,NUC,MIT,NUC,CYT,NUC,NUC
P46087,NUC,NUC,NUC,NUC,NUC,NUC
Q9Y2X3,NUC,NUC,NUC,NUC,CYT,NUC
O60287,NUC,CYT,EXC,CYT,MEM,CYT
P13056,NUC,NUC,NUC,CYT,NUC,NUC
P49116,NUC,NUC,NUC,CYT,NUC,NUC
Q86WQ0,NUC,NUC,NUC,CYT,MIT,MIT
Q9Y466,NUC,NUC,NUC,CYT,NUC,NUC
Q15406,NUC,NUC,NUC,CYT,NUC,NUC
P48552,NUC,NUC,NUC,NUC,NUC,NUC
O95478,NUC,NUC,NUC,NUC,NUC,NUC
O96028,NUC,NUC,NUC,NUC,NUC,NUC
Q96MF7,NUC,NUC,NUC,NUC,NUC,NUC
Q96IY1,NUC,NUC,NUC,CYT,CYT,CYT
Q9H0G5,NUC,NUC,NUC,NUC,NUC,NUC
Q9BV86,NUC,CYT,CYT,CYT,CYT,CYT
Q8WUM0,NUC,CYT,NUC,MIT,MIT,MIT
P49790,NUC,NUC,EXC,CYT,NUC,MIT
Q5SRE5,NUC,MEM,EXC,MIT,CYT,CYT
Q9Y5A7,NUC,CYT,NUC,NUC,NUC,NUC
Q8TB37,MIT,MIT,CYT,MIT,MIT,MIT
Q9UHK0,NUC,NUC,NUC,NUC,NUC,NUC
O15381,NUC,NUC,CYT,NUC,NUC,CYT
P04181,MIT,MIT,CYT,MIT,MIT,MIT
Q16625,MEM,MEM,GLG,ERE,MEM,PEX
Q9UKG9,PEX,PEX,CYT,PEX,CYT,CYT
Q02218,MIT,CYT,CYT,MIT,MIT,MIT
P10515,MIT,MIT,MIT,MIT,MIT,MIT
P11177,MIT,MIT,MIT,MIT,MIT,MIT
Q9H488,ERE,MIT,ERE,GLG,EXC,GLG
O15527,NUC,MIT,NUC,MIT,MIT,MIT
Q9H6K4,MIT,MIT,CYT,MIT,MIT,MIT
O60313,MIT,NUC,MIT,MIT,MIT,MIT
P39656,ERE,MEM,ERE,ERE,MEM,MEM
Q92882,CYT,CYT,CYT,CYT,MIT,CYT
O95747,CYT,CYT,CYT,CYT,CYT,CYT
Q15072,NUC,NUC,NUC,CYT,NUC,NUC
O15460,ERE,ERE,CYT,ERE,EXC,ERE
P54886,MIT,MIT,CYT,MIT,MIT,CYT
Q86YP4,NUC,NUC,NUC,CYT,NUC,NUC
Q8WXI9,NUC,NUC,NUC,CYT,CYT,NUC
Q13310,CYT,CYT,NUC,CYT,NUC,CYT
Q8N7H5,NUC,NUC,NUC,NUC,NUC,NUC
Q86YC2,NUC,NUC,EXC,CYT,NUC,NUC
Q9BWT3,NUC,NUC,NUC,NUC,NUC,NUC
Q86W56,NUC,NUC,NUC,CYT,NUC,CYT
Q9H300,MIT,MEM,MIT,MIT,MIT,MIT
P09874,NUC,NUC,NUC,NUC,NUC,NUC
Q9UKK3,CYT,NUC,NUC,CYT,PEX,GLG
Q8IV76,NUC,NUC,NUC,NUC,NUC,NUC
Q9HBE1,NUC,NUC,NUC,NUC,NUC,NUC
P05165,MIT,MIT,MIT,MIT,MIT,MIT
P35227,NUC,NUC,NUC,CYT,NUC,NUC
Q86SE9,NUC,NUC,NUC,CYT,NUC,NUC
Q9H4Z3,NUC,NUC,NUC,CYT,NUC,NUC
Q16822,MIT,MIT,CYT,MIT,MIT,MIT
Q7Z2X4,CYT,EXC,CYT,EXC,EXC,ERE
P12004,NUC,NUC,NUC,CYT,CYT,NUC
Q8WW12,NUC,NUC,NUC,CYT,CYT,NUC
O95613,CYT,NUC,CYT,CYT,NUC,NUC
Q8WUM4,CYT,NUC,NUC,CYT,CYT,NUC
Q9H2J4,CYT,CYT,NUC,CYT,CYT,CYT
P07237,ERE,ERE,ERE,ERE,EXC,ERE
P30101,ERE,ERE,ERE,ERE,ERE,ERE
P13667,ERE,ERE,CYT,ERE,EXC,ERE
Q8N165,NUC,CYT,CYT,CYT,CYT,CYT
O00151,CYT,NUC,CYT,CYT,CYT,CYT
Q53GG5,CYT,NUC,CYT,CYT,NUC,CYT
Q9NR12,CYT,NUC,NUC,PEX,NUC,CYT
Q29RF7,NUC,NUC,NUC,CYT,CYT,CYT
Q9NTI5,NUC,NUC,NUC,NUC,NUC,NUC
Q9BY49,PEX,MIT,CYT,MIT,CYT,MIT
O00541,NUC,NUC,NUC,NUC,NUC,NUC
Q92968,PEX,MIT,EXC,CYT,MEM,PEX
Q01813,CYT,MIT,CYT,CYT,CYT,CYT
Q96HS1,MIT,MIT,MIT,ERE,EXC,MIT
Q8NBL1,ERE,MIT,CYT,ERE,EXC,GLG
P35232,MIT,CYT,MIT,CYT,CYT,CYT
P78364,NUC,NUC,NUC,CYT,NUC,NUC
Q8IXK0,NUC,NUC,NUC,CYT,NUC,NUC
Q8NDX5,NUC,NUC,NUC,CYT,NUC,NUC
Q8WUB8,NUC,NUC,NUC,NUC,NUC,NUC
Q96QT6,NUC,NUC,NUC,CYT,NUC,NUC
Q9BVI0,NUC,NUC,NUC,NUC,NUC,NUC
O75151,NUC,NUC,NUC,NUC,NUC,NUC
Q7RTV0,NUC,EXC,NUC,CYT,EXC,CYT
Q8IWS0,NUC,NUC,EXC,NUC,NUC,NUC
Q9BWX1,NUC,NUC,NUC,CYT,CYT,NUC
Q8WWQ0,NUC,NUC,NUC,NUC,NUC,NUC
Q9NRX4,CYT,EXC,CYT,CYT,CYT,CYT
Q969N2,ERE,LYS,MEM,LYS,MEM,LYS
Q9H611,NUC,NUC,NUC,CYT,NUC,CYT
P22061,CYT,CYT,CYT,CYT,CYT,CYT
Q9NWT1,NUC,NUC,NUC,CYT,CYT,CYT
P55347,NUC,NUC,NUC,CYT,NUC,NUC
Q9UM63,NUC,NUC,NUC,CYT,NUC,NUC
Q8NHP8,LYS,LYS,EXC,LYS,EXC,LYS
Q8IV08,ERE,EXC,CYT,PEX,MEM,MEM
P54278,NUC,NUC,CYT,CYT,NUC,CYT
Q96T60,NUC,MIT,CYT,CYT,NUC,PEX
Q9NRX1,NUC,NUC,CYT,CYT,CYT,NUC
Q9P215,NUC,CYT,NUC,CYT,CYT,CYT
Q9Y253,NUC,NUC,NUC,NUC,NUC,CYT
Q9UNA4,NUC,NUC,CYT,CYT,CYT,NUC
Q9UBT6,NUC,NUC,NUC,CYT,NUC,NUC
Q9NUX5,NUC,NUC,NUC,CYT,CYT,GLG
Q96QC0,NUC,NUC,NUC,NUC,NUC,NUC
Q6NUP7,CYT,NUC,NUC,NUC,NUC,CYT
Q9UPN7,CYT,NUC,CYT,CYT,NUC,NUC
O75170,CYT,NUC,CYT,CYT,CYT,CYT
P11117,LYS,LYS,EXC,ERE,MEM,MEM
Q13427,NUC,NUC,NUC,NUC,NUC,NUC
Q13356,NUC,NUC,CYT,CYT,NUC,CYT
Q8WUA2,NUC,NUC,NUC,NUC,CYT,NUC
Q8N3J5,MIT,MIT,CYT,MIT,MIT,MIT
Q5T8A7,NUC,NUC,NUC,NUC,NUC,NUC
Q9UMR5,LYS,MEM,EXC,LYS,EXC,LYS
Q96BP3,NUC,CYT,NUC,NUC,CYT,CYT
O60828,NUC,NUC,NUC,NUC,NUC,NUC
Q8NAV1,NUC,NUC,NUC,NUC,NUC,NUC
O75400,NUC,NUC,NUC,NUC,CYT,NUC
P57071,NUC,NUC,NUC,NUC,NUC,NUC
Q9UKN5,NUC,NUC,NUC,CYT,NUC,NUC
Q5JRX3,MIT,NUC,CYT,MIT,MIT,MIT
P78527,NUC,NUC,NUC,PEX,CYT,CYT
Q9Y255,MIT,MIT,MIT,MIT,MIT,CYT
Q92786,NUC,NUC,NUC,NUC,NUC,NUC
Q92620,NUC,NUC,NUC,NUC,NUC,NUC
O43172,NUC,CYT,NUC,CYT,NUC,NUC
Q6P2Q9,NUC,NUC,NUC,CYT,CYT,CYT
Q9NZ81,NUC,NUC,EXC,CYT,CYT,PEX
Q9Y248,NUC,NUC,NUC,CYT,CYT,CYT
Q9BRX5,NUC,CYT,NUC,CYT,NUC,CYT
O75475,NUC,NUC,NUC,NUC,NUC,NUC
Q96EY7,MIT,NUC,EXC,MIT,CYT,MIT
Q9Y3E5,MIT,MIT,MIT,ERE,EXC,EXC
Q13308,MEM,NUC,MEM,ERE,EXC,MEM
Q8WUK0,MIT,MIT,MIT,ERE,MIT,MIT
P23470,MEM,NUC,CYT,ERE,MEM,MEM
Q9UHX1,NUC,CYT,CYT,CYT,NUC,CYT
Q8TB72,CYT,NUC,NUC,CYT,NUC,CYT
Q96QR8,NUC,NUC,NUC,CYT,CYT,CYT
P11498,MIT,MIT,CYT,MIT,MIT,MIT
P17812,CYT,CYT,CYT,CYT,CYT,ERE
P31930,MIT,MIT,CYT,MIT,MIT,MIT
P22695,MIT,MIT,CYT,MIT,MIT,MIT
O14949,MIT,MIT,EXC,PEX,MIT,MIT
Q08257,CYT,MIT,CYT,CYT,CYT,CYT
Q9NXS2,GLG,MIT,EXC,ERE,CYT,GLG
Q9Y2K5,NUC,NUC,NUC,CYT,NUC,NUC
P51149,LYS,MIT,CYT,CYT,CYT,CYT
O75943,NUC,NUC,NUC,NUC,NUC,NUC
O60216,NUC,NUC,NUC,CYT,CYT,CYT
Q92878,NUC,NUC,NUC,CYT,CYT,CYT
P43351,NUC,NUC,NUC,NUC,NUC,NUC
Q92698,NUC,NUC,NUC,CYT,NUC,NUC
Q99638,NUC,NUC,NUC,CYT,NUC,MIT
P35241,MEM,CYT,CYT,CYT,CYT,CYT
P26374,CYT,NUC,NUC,CYT,NUC,CYT
Q9UKM9,NUC,NUC,NUC,NUC,NUC,NUC
Q9BTL3,NUC,NUC,EXC,CYT,EXC,NUC
Q8NDT2,NUC,NUC,NUC,NUC,NUC,NUC
Q15291,NUC,NUC,NUC,NUC,CYT,NUC
Q8N0V3,MIT,NUC,NUC,MIT,NUC,MIT
Q9Y3P9,CYT,NUC,CYT,CYT,CYT,CYT
P28749,NUC,NUC,NUC,CYT,ERE,CYT
P98175,NUC,NUC,NUC,NUC,NUC,NUC
P57052,NUC,NUC,NUC,NUC,NUC,NUC
Q9NTZ6,NUC,NUC,NUC,CYT,EXC,MEM
P42696,NUC,NUC,NUC,CYT,NUC,NUC
Q96LT9,NUC,NUC,NUC,NUC,NUC,NUC
P52756,NUC,NUC,NUC,NUC,NUC,NUC
P78332,NUC,NUC,EXC,CYT,NUC,NUC
P06400,NUC,NUC,NUC,CYT,NUC,CYT
Q9HBD1,CYT,NUC,NUC,CYT,NUC,NUC
O00559,GLG,NUC,NUC,ERE,MIT,MIT
Q15293,ERE,ERE,ERE,ERE,EXC,ERE
Q9UKL0,NUC,NUC,NUC,NUC,NUC,NUC
Q8TC12,ERE,EXC,CYT,ERE,EXC,MEM
P46063,NUC,NUC,NUC,NUC,CYT,NUC
Q92900,NUC,NUC,NUC,CYT,CYT,CYT
Q9BWE0,NUC,NUC,NUC,CYT,NUC,NUC
Q96D71,MEM,NUC,CYT,CYT,NUC,CYT
Q9GZR2,NUC,NUC,NUC,NUC,NUC,NUC
P27694,NUC,NUC,NUC,CYT,CYT,CYT
P15927,NUC,NUC,NUC,CYT,CYT,CYT
P35250,NUC,CYT,NUC,CYT,CYT,CYT
P35249,NUC,CYT,NUC,CYT,CYT,CYT
Q99496,NUC,NUC,NUC,NUC,NUC,CYT
O43353,CYT,NUC,CYT,CYT,CYT,CYT
O76021,NUC,NUC,NUC,NUC,NUC,NUC
Q13129,NUC,NUC,NUC,NUC,NUC,NUC
Q9UHA3,NUC,MIT,CYT,CYT,MIT,CYT
Q9BYD6,MIT,MIT,CYT,MIT,MIT,MIT
Q5T653,MIT,MIT,CYT,MIT,MIT,EXC
Q9BYD2,MIT,MIT,MIT,MIT,NUC,MIT
Q7Z7H8,MIT,MIT,CYT,MIT,MIT,MIT
Q9BYD1,MIT,MIT,CYT,MIT,NUC,MIT
Q9BYC9,MIT,MIT,MIT,MIT,MIT,MIT
Q7Z2W9,MIT,MIT,MIT,MIT,MIT,MIT
Q9P0M9,MIT,MIT,MIT,MIT,MIT,MIT
Q13084,MIT,CYT,MIT,CYT,MIT,MIT
Q9BZE1,MIT,MIT,MIT,MIT,CYT,MIT
Q96DV4,MIT,MIT,MIT,MIT,MIT,MIT
Q9NQ50,MIT,MIT,NUC,MIT,MIT,NUC
Q8IXM3,MIT,MIT,MIT,MIT,EXC,MIT
Q9Y6G3,MIT,EXC,MIT,MIT,EXC,MIT
Q8N983,MIT,NUC,MIT,MIT,MIT,MIT
Q9HD33,MIT,MIT,MIT,MIT,MIT,MIT
Q4U2R6,MIT,MIT,MIT,MIT,MIT,MIT
Q9H9A7,NUC,NUC,NUC,CYT,NUC,CYT
Q96E14,NUC,MIT,NUC,MIT,EXC,MIT
Q9NWS8,MIT,MIT,MIT,MIT,MIT,MIT
Q8IYW5,NUC,NUC,NUC,NUC,NUC,NUC
Q8NCN4,NUC,NUC,NUC,NUC,NUC,NUC
Q63HN8,CYT,NUC,NUC,CYT,MEM,CYT
Q9NVW2,NUC,NUC,NUC,CYT,NUC,NUC
O76064,NUC,NUC,NUC,CYT,NUC,CYT
Q5TBB1,NUC,CYT,NUC,CYT,CYT,CYT
Q13151,NUC,NUC,EXC,NUC,NUC,NUC
P51991,NUC,NUC,EXC,NUC,NUC,NUC
Q01974,MEM,NUC,CYT,LYS,MEM,MEM
P51449,NUC,NUC,NUC,NUC,NUC,NUC
Q8N5L8,NUC,NUC,CYT,CYT,NUC,CYT
O95602,NUC,NUC,MIT,CYT,MIT,MIT
Q9H9Y6,NUC,MEM,CYT,CYT,CYT,PEX
O15446,NUC,NUC,EXC,CYT,NUC,NUC
Q3B726,NUC,NUC,NUC,NUC,NUC,NUC
Q9GZS1,NUC,NUC,NUC,PEX,NUC,PEX
P61218,NUC,NUC,NUC,CYT,CYT,CYT
P52434,NUC,NUC,NUC,CYT,CYT,CYT
P24928,NUC,NUC,NUC,CYT,NUC,NUC
P19387,NUC,NUC,CYT,CYT,CYT,NUC
O15514,NUC,NUC,NUC,CYT,CYT,NUC
P62487,NUC,NUC,NUC,CYT,CYT,PEX
P36954,NUC,NUC,NUC,CYT,EXC,CYT
Q9BUI4,NUC,NUC,NUC,CYT,CYT,CYT
O15318,NUC,NUC,NUC,CYT,NUC,NUC
Q9H9Y2,NUC,NUC,NUC,CYT,NUC,NUC
Q9H7B2,NUC,NUC,NUC,CYT,NUC,NUC
Q9BUL9,NUC,NUC,CYT,CYT,NUC,NUC
P78345,NUC,NUC,NUC,MIT,MIT,MIT
Q9NQG5,NUC,NUC,NUC,CYT,NUC,NUC
Q9P2E9,ERE,NUC,CYT,ERE,ERE,NUC
Q9NYV6,NUC,NUC,NUC,MIT,CYT,CYT
Q5JTH9,NUC,NUC,NUC,CYT,NUC,MIT
Q14684,NUC,NUC,NUC,NUC,NUC,NUC
P56182,NUC,NUC,NUC,NUC,NUC,NUC
Q96EU6,NUC,NUC,NUC,NUC,NUC,NUC
Q14690,NUC,NUC,NUC,CYT,NUC,NUC
Q15050,NUC,NUC,NUC,NUC,NUC,NUC
O43159,NUC,NUC,NUC,NUC,NUC,NUC
P39019,NUC,MIT,NUC,CYT,CYT,CYT
P60866,CYT,MIT,MIT,CYT,CYT,CYT
P62081,CYT,NUC,NUC,CYT,CYT,CYT
Q5VWQ0,NUC,NUC,NUC,NUC,NUC,NUC
Q6PCB5,NUC,NUC,NUC,NUC,NUC,NUC
Q96T23,NUC,NUC,NUC,NUC,NUC,NUC
Q9Y399,MIT,MIT,MIT,MIT,MIT,MIT
P82912,MIT,MIT,MIT,MIT,MIT,MIT
P82914,MIT,MIT,MIT,MIT,MIT,MIT
Q9Y676,MIT,NUC,MIT,MIT,MIT,MIT
P82663,MIT,CYT,MIT,MIT,MIT,MIT
Q9Y2Q9,MIT,MIT,MIT,MIT,MIT,MIT
P51398,MIT,MIT,CYT,MIT,MIT,MIT
Q92665,MIT,MIT,NUC,MIT,MIT,MIT
P82673,MIT,NUC,MIT,MIT,MIT,MIT
P82930,MIT,MIT,MIT,CYT,MIT,NUC
Q9BQC6,MIT,MIT,MIT,MIT,MIT,MIT
Q9NZ71,NUC,NUC,NUC,NUC,NUC,NUC
Q9BZR6,MEM,EXC,EXC,ERE,MIT,GLG
P08621,NUC,NUC,NUC,NUC,NUC,NUC
P19793,NUC,NUC,NUC,NUC,NUC,NUC
P28702,NUC,NUC,NUC,NUC,NUC,NUC
P33764,CYT,EXC,CYT,CYT,EXC,CYT
Q9BXP2,MEM,MEM,MEM,MEM,MEM,MEM
Q9UHR5,NUC,NUC,NUC,CYT,CYT,NUC
Q9Y6M7,MEM,MEM,ERE,CYT,MEM,NUC
Q15424,NUC,NUC,NUC,NUC,NUC,NUC
P23526,CYT,CYT,CYT,CYT,CYT,CYT
Q9Y3Z3,NUC,CYT,NUC,CYT,NUC,CYT
P07602,LYS,LYS,EXC,EXC,MEM,EXC
Q9BW04,CYT,NUC,NUC,CYT,NUC,NUC
Q9UPW6,NUC,NUC,NUC,CYT,MEM,NUC
Q9UPN6,NUC,NUC,NUC,CYT,NUC,NUC
Q99590,NUC,NUC,NUC,NUC,NUC,NUC
Q9Y6X3,NUC,EXC,NUC,CYT,CYT,PEX
Q96NL6,CYT,CYT,CYT,CYT,CYT,NUC
Q6NUK1,MIT,CYT,MIT,CYT,CYT,PEX
Q96GD3,NUC,NUC,NUC,PEX,NUC,EXC
Q14160,MEM,NUC,NUC,CYT,NUC,CYT
Q9NVU7,NUC,NUC,NUC,NUC,NUC,NUC
P21912,MIT,MIT,NUC,MIT,MIT,MIT
Q96T21,NUC,NUC,NUC,NUC,NUC,NUC
Q99442,ERE,NUC,ERE,NUC,MEM,NUC
Q9BSV6,NUC,NUC,MIT,CYT,NUC,CYT
Q9GZR1,NUC,NUC,NUC,NUC,NUC,NUC
Q96HI0,NUC,NUC,NUC,CYT,NUC,NUC
Q9Y617,CYT,CYT,CYT,CYT,CYT,CYT
O15047,NUC,NUC,NUC,CYT,NUC,NUC
Q9UPS6,NUC,NUC,CYT,CYT,NUC,NUC
Q8TBK2,NUC,CYT,NUC,CYT,CYT,CYT
Q8WTS6,NUC,CYT,CYT,CYT,CYT,NUC
Q15393,NUC,CYT,CYT,MIT,MEM,PEX
Q15459,NUC,NUC,NUC,CYT,CYT,CYT
Q9BWJ5,NUC,NUC,NUC,CYT,EXC,CYT
Q13435,NUC,NUC,NUC,CYT,NUC,NUC
Q9Y3B4,NUC,MIT,NUC,CYT,NUC,NUC
P23246,NUC,NUC,NUC,NUC,NUC,NUC
O95104,NUC,NUC,NUC,CYT,NUC,NUC
Q9H9B4,MIT,MEM,CYT,CYT,CYT,PEX
Q562F6,NUC,NUC,NUC,NUC,NUC,NUC
O95470,ERE,MIT,CYT,GLG,CYT,GLG
Q9H788,CYT,NUC,CYT,CYT,CYT,NUC
Q9UJC5,NUC,MIT,NUC,CYT,CYT,MIT
Q9NR46,CYT,CYT,CYT,CYT,CYT,CYT
Q9H173,ERE,CYT,EXC,EXC,EXC,ERE
Q14190,NUC,NUC,NUC,CYT,NUC,NUC
Q96ST3,NUC,NUC,NUC,CYT,NUC,NUC
Q9NPC8,NUC,NUC,NUC,CYT,NUC,NUC
P42285,NUC,CYT,CYT,CYT,CYT,NUC
P48764,MEM,MEM,GLG,PEX,MEM,MEM
Q7Z7L1,NUC,CYT,CYT,CYT,CYT,CYT
Q9NWH9,NUC,NUC,NUC,CYT,NUC,NUC
Q8IY92,NUC,NUC,NUC,CYT,NUC,NUC
O43541,NUC,NUC,NUC,CYT,NUC,MIT
Q0VAQ4,MEM,MEM,MEM,PEX,CYT,MEM
Q9NZC9,NUC,NUC,NUC,CYT,NUC,NUC
Q5VUG0,NUC,NUC,NUC,CYT,CYT,NUC
Q9UHJ3,NUC,NUC,NUC,NUC,NUC,NUC
Q14683,NUC,NUC,CYT,CYT,CYT,NUC
Q9UQE7,NUC,NUC,CYT,CYT,CYT,CYT
Q8IY18,NUC,NUC,NUC,CYT,NUC,NUC
Q96SB8,NUC,NUC,NUC,CYT,NUC,NUC
Q969G3,NUC,NUC,NUC,CYT,NUC,NUC
O60264,NUC,NUC,NUC,NUC,CYT,NUC
P51532,NUC,NUC,NUC,NUC,NUC,NUC
A6NHR9,NUC,NUC,CYT,CYT,CYT,CYT
Q6STE5,NUC,NUC,NUC,CYT,NUC,NUC
O43760,MEM,MEM,MIT,ERE,MEM,MEM
Q8TAD8,NUC,NUC,NUC,NUC,NUC,NUC
Q9BV90,NUC,CYT,NUC,CYT,CYT,CYT
Q6IEG0,NUC,NUC,NUC,NUC,NUC,NUC
Q96DI7,NUC,NUC,NUC,CYT,NUC,CYT
O43290,NUC,NUC,NUC,NUC,NUC,NUC
Q53GS9,NUC,NUC,NUC,CYT,NUC,NUC
Q13573,NUC,NUC,NUC,NUC,CYT,NUC
P18583,NUC,NUC,NUC,CYT,NUC,NUC
Q9BQ15,NUC,NUC,NUC,CYT,CYT,CYT
Q96AH0,NUC,NUC,NUC,CYT,CYT,CYT
Q9NRY2,NUC,NUC,NUC,CYT,CYT,MIT
Q9UN79,NUC,NUC,NUC,NUC,NUC,NUC
P48436,NUC,NUC,NUC,NUC,NUC,NUC
Q9HB58,NUC,NUC,NUC,NUC,NUC,NUC
Q9H0E3,NUC,NUC,ERE,CYT,NUC,NUC
Q9Y5B9,NUC,NUC,NUC,NUC,NUC,CYT
Q9HAJ7,NUC,NUC,NUC,NUC,NUC,NUC
O75391,NUC,NUC,NUC,CYT,NUC,NUC
Q86XZ4,CYT,NUC,NUC,NUC,NUC,NUC
Q8IY81,NUC,NUC,NUC,NUC,NUC,NUC
Q8NBT2,NUC,CYT,CYT,CYT,CYT,NUC
O95238,NUC,NUC,NUC,CYT,NUC,MIT
O75934,NUC,CYT,CYT,CYT,CYT,NUC
Q8N0Z3,CYT,NUC,NUC,CYT,NUC,NUC
Q14159,NUC,NUC,NUC,CYT,NUC,CYT
O00267,NUC,NUC,NUC,CYT,NUC,NUC
O15270,ERE,MIT,MIT,CYT,CYT,MIT
Q9Y6N5,MIT,MIT,MIT,MIT,MIT,GLG
O15042,NUC,NUC,NUC,NUC,NUC,NUC
Q6ZRS2,NUC,NUC,NUC,CYT,NUC,NUC
P11831,NUC,NUC,NUC,MIT,NUC,NUC
Q9Y5M8,ERE,EXC,MEM,PEX,CYT,MEM
Q08170,NUC,NUC,NUC,NUC,NUC,NUC
Q13247,NUC,NUC,NUC,NUC,NUC,NUC
Q16629,NUC,NUC,NUC,NUC,NUC,NUC
Q9UJW9,NUC,NUC,NUC,CYT,NUC,NUC
Q04837,MIT,MIT,MIT,MIT,NUC,MIT
P51649,MIT,MIT,MIT,MIT,MIT,MIT
Q9NQZ5,MIT,MIT,MIT,MIT,MIT,MIT
Q9H668,NUC,NUC,NUC,CYT,EXC,CYT
Q9H6E5,NUC,NUC,NUC,CYT,NUC,CYT
Q5VSL9,CYT,CYT,NUC,CYT,MEM,CYT
Q9ULQ0,CYT,CYT,NUC,CYT,NUC,CYT
Q8TCJ2,ERE,MEM,MIT,PEX,MEM,PEX
Q13277,MEM,NUC,CYT,CYT,MEM,CYT
Q12846,MEM,NUC,CYT,CYT,MEM,CYT
O43752,GLG,NUC,GLG,CYT,CYT,CYT
Q9P2R7,MIT,MIT,MIT,MIT,MIT,MIT
Q8IWZ8,NUC,NUC,CYT,CYT,NUC,NUC
Q8IX01,NUC,NUC,NUC,CYT,NUC,NUC
Q8NBJ7,ERE,MIT,EXC,ERE,EXC,ERE
O94901,NUC,NUC,EXC,CYT,CYT,PEX
O75486,NUC,NUC,NUC,NUC,NUC,NUC
O75683,NUC,NUC,NUC,NUC,NUC,NUC
Q15022,NUC,NUC,NUC,NUC,NUC,NUC
Q4FZB7,NUC,NUC,NUC,NUC,NUC,NUC
P49588,CYT,CYT,CYT,CYT,CYT,CYT
Q5JTZ9,MIT,CYT,CYT,MIT,MIT,CYT
Q5T4T6,NUC,NUC,NUC,CYT,NUC,NUC
P14868,CYT,CYT,CYT,CYT,CYT,CYT
Q6PI48,MIT,MIT,CYT,MIT,MIT,MIT
Q5JPH6,MIT,MIT,CYT,MIT,MIT,MIT
P07814,CYT,CYT,CYT,CYT,CYT,CYT
O95926,NUC,CYT,NUC,NUC,NUC,NUC
Q9Y285,CYT,CYT,CYT,NUC,NUC,NUC
P41250,CYT,CYT,CYT,EXC,MIT,ERE
P41252,CYT,CYT,CYT,CYT,CYT,CYT
Q9NSE4,MIT,MIT,CYT,MIT,MIT,MIT
P57105,MIT,MIT,CYT,CYT,CYT,CYT
Q9P2J5,CYT,CYT,CYT,CYT,NUC,CYT
P56192,CYT,CYT,CYT,MIT,PEX,ERE
P47897,CYT,CYT,CYT,PEX,CYT,CYT
P54136,CYT,CYT,CYT,CYT,CYT,CYT
P49591,CYT,CYT,NUC,CYT,CYT,CYT
P26639,CYT,CYT,CYT,CYT,CYT,CYT
Q9BW92,MIT,MIT,CYT,MIT,MIT,MIT
P54577,CYT,CYT,CYT,CYT,NUC,CYT
Q9Y2Z4,MIT,MIT,CYT,MIT,MIT,MIT
P13984,NUC,NUC,NUC,CYT,CYT,CYT
Q9BSH4,MIT,MIT,CYT,MIT,MIT,MIT
Q96BN2,NUC,NUC,CYT,CYT,NUC,CYT
Q86TJ2,NUC,NUC,NUC,NUC,NUC,NUC
O75528,NUC,NUC,NUC,CYT,NUC,NUC
Q13148,NUC,NUC,EXC,CYT,NUC,CYT
Q12962,NUC,NUC,NUC,CYT,CYT,CYT
Q9H5J8,NUC,NUC,NUC,NUC,NUC,NUC
P21675,NUC,NUC,NUC,NUC,NUC,NUC
Q9Y6J9,NUC,NUC,NUC,CYT,NUC,NUC
Q16594,NUC,NUC,NUC,CYT,NUC,NUC
Q9P031,NUC,NUC,NUC,CYT,NUC,NUC
Q6P1N9,NUC,CYT,CYT,CYT,CYT,CYT
O75347,CYT,CYT,CYT,CYT,MIT,NUC
Q99426,CYT,MIT,CYT,NUC,EXC,CYT
Q15814,CYT,NUC,NUC,CYT,NUC,NUC
O60343,CYT,NUC,CYT,CYT,NUC,CYT
Q12788,NUC,EXC,NUC,CYT,CYT,CYT
Q969Z0,MIT,CYT,NUC,MIT,MIT,MIT
Q9BQ70,NUC,NUC,NUC,NUC,NUC,NUC
Q13428,NUC,NUC,NUC,NUC,NUC,NUC
P53999,NUC,NUC,NUC,NUC,NUC,NUC
P78371,CYT,CYT,CYT,CYT,CYT,CYT
P50991,CYT,CYT,CYT,CYT,CYT,CYT
P50990,CYT,CYT,CYT,CYT,CYT,CYT
O14776,NUC,NUC,NUC,CYT,NUC,NUC
P13693,CYT,CYT,CYT,CYT,CYT,CYT
Q13569,NUC,NUC,CYT,CYT,NUC,CYT
Q9H147,NUC,NUC,NUC,NUC,NUC,NUC
Q5QJE6,NUC,NUC,NUC,NUC,NUC,NUC
Q9NZ01,ERE,MEM,ERE,PEX,CYT,PEX
Q96QE5,MIT,NUC,NUC,MIT,MIT,PEX
Q96M29,CYT,NUC,CYT,CYT,CYT,CYT
Q86WV5,NUC,CYT,NUC,CYT,EXC,CYT
Q99973,NUC,NUC,NUC,CYT,NUC,CYT
Q15554,NUC,NUC,NUC,CYT,NUC,NUC
Q96S53,NUC,NUC,CYT,CYT,NUC,CYT
Q8NFU7,NUC,NUC,NUC,NUC,NUC,NUC
Q9NQB0,NUC,NUC,NUC,NUC,NUC,NUC
O14948,NUC,NUC,NUC,NUC,NUC,NUC
P0C1Z6,NUC,NUC,NUC,NUC,NUC,NUC
P02786,LYS,MIT,CYT,PEX,MEM,PEX
P37173,MEM,NUC,EXC,MEM,MIT,MEM
Q9NVV9,NUC,NUC,NUC,CYT,CYT,NUC
Q7Z6K1,NUC,NUC,NUC,CYT,NUC,NUC
P24752,MIT,MIT,MIT,MIT,MIT,MIT
P42765,MIT,MIT,CYT,MIT,MIT,MIT
Q99757,MIT,MIT,MIT,MIT,MIT,MIT
Q96J01,NUC,EXC,NUC,MIT,EXC,CYT
Q86W42,NUC,EXC,NUC,MIT,NUC,CYT
Q9P016,NUC,NUC,NUC,NUC,NUC,NUC
Q7Z2Z1,NUC,NUC,NUC,NUC,NUC,NUC
Q13263,NUC,NUC,NUC,NUC,NUC,NUC
P62072,MIT,NUC,EXC,CYT,EXC,NUC
Q9Y5L4,MIT,NUC,NUC,CYT,EXC,CYT
O43615,MIT,MIT,MIT,MIT,MIT,MIT
O60220,MIT,NUC,EXC,CYT,EXC,CYT
Q9Y5J7,MIT,EXC,EXC,CYT,EXC,CYT
Q9UNS1,NUC,CYT,NUC,NUC,NUC,NUC
Q9BSI4,NUC,NUC,NUC,MIT,MIT,MIT
P29401,NUC,MIT,CYT,PEX,CYT,CYT
Q04724,NUC,NUC,NUC,NUC,NUC,NUC
Q9UKI8,NUC,NUC,NUC,CYT,NUC,NUC
Q9Y490,CYT,CYT,CYT,CYT,CYT,CYT
Q9NVH6,MIT,EXC,CYT,MIT,MIT,MIT
Q9NYL9,CYT,NUC,CYT,CYT,CYT,NUC
Q9H3N1,ERE,MEM,ERE,ERE,EXC,ERE
Q96JJ7,ERE,CYT,ERE,ERE,MEM,ERE
Q96GM8,NUC,NUC,NUC,NUC,NUC,CYT
Q5JTV8,NUC,NUC,EXC,CYT,NUC,NUC
Q9NS69,MIT,EXC,MIT,PEX,CYT,CYT
O96008,MIT,EXC,MIT,CYT,NUC,MEM
Q8N4H5,MIT,MIT,MIT,CYT,CYT,CYT
Q15388,MIT,NUC,MIT,PEX,EXC,MIT
O94826,MIT,CYT,ERE,ERE,ERE,CYT
Q96B49,MIT,MIT,EXC,CYT,NUC,EXC
Q9P0U1,MIT,MIT,MIT,MIT,MIT,EXC
Q969P6,MIT,MIT,MIT,NUC,MIT,NUC
P11387,NUC,NUC,NUC,NUC,NUC,NUC
P11388,NUC,NUC,NUC,NUC,NUC,NUC
Q13641,MEM,MEM,EXC,MIT,MIT,MEM
P48553,GLG,NUC,EXC,CYT,NUC,CYT
Q9Y2L5,GLG,NUC,CYT,CYT,CYT,CYT
Q9Y2W1,NUC,NUC,NUC,NUC,NUC,NUC
Q13595,NUC,NUC,NUC,NUC,NUC,NUC
P62995,NUC,NUC,NUC,CYT,NUC,NUC
Q12933,CYT,CYT,NUC,CYT,NUC,CYT
O00463,CYT,NUC,NUC,CYT,NUC,CYT
Q12931,MIT,MIT,CYT,MIT,MIT,MIT
Q96RU7,NUC,MIT,CYT,CYT,MIT,MIT
Q9C037,CYT,NUC,NUC,CYT,NUC,NUC
Q9UJA5,NUC,NUC,NUC,CYT,NUC,NUC
Q9UBP6,NUC,CYT,CYT,CYT,NUC,PEX
Q96Q11,MIT,CYT,CYT,MIT,MIT,MIT
Q9UHF7,NUC,NUC,NUC,NUC,NUC,NUC
Q9Y4A5,NUC,NUC,NUC,CYT,MEM,PEX
Q12792,CYT,NUC,NUC,CYT,CYT,CYT
O95881,ERE,CYT,ERE,ERE,EXC,ERE
Q8NBS9,ERE,EXC,ERE,ERE,EXC,ERE
Q16560,NUC,CYT,NUC,NUC,NUC,NUC
O43818,NUC,NUC,NUC,NUC,NUC,NUC
O75643,NUC,NUC,NUC,CYT,CYT,NUC
Q15029,NUC,CYT,CYT,CYT,NUC,CYT
Q8WVY7,NUC,CYT,NUC,CYT,CYT,CYT
P17480,NUC,NUC,NUC,CYT,NUC,NUC
Q9NZI7,NUC,NUC,NUC,CYT,CYT,CYT
Q9UPT9,NUC,NUC,NUC,CYT,CYT,CYT
Q9UHP3,CYT,CYT,NUC,CYT,CYT,NUC
Q96RU2,NUC,NUC,NUC,NUC,NUC,NUC
Q9P275,NUC,NUC,NUC,NUC,NUC,NUC
Q9Y6I4,NUC,NUC,NUC,CYT,CYT,CYT
O94888,NUC,NUC,CYT,CYT,NUC,NUC
Q9NYU2,ERE,CYT,NUC,ERE,MEM,ERE
Q96T88,NUC,NUC,NUC,NUC,NUC,NUC
Q96PU4,NUC,NUC,NUC,NUC,NUC,NUC
Q96RL1,NUC,NUC,NUC,NUC,NUC,NUC
Q8IWX7,CYT,CYT,CYT,CYT,NUC,CYT
Q9C0B0,CYT,NUC,EXC,CYT,NUC,NUC
Q03405,MEM,EXC,EXC,EXC,EXC,EXC
Q9BRT2,MIT,NUC,NUC,NUC,CYT,NUC
Q9BQ65,NUC,NUC,NUC,CYT,CYT,CYT
Q96IX5,MIT,MIT,MIT,CYT,CYT,EXC
Q8TED0,NUC,MIT,NUC,CYT,CYT,PEX
Q9Y5J1,NUC,NUC,NUC,NUC,NUC,NUC
O95292,ERE,NUC,ERE,CYT,CYT,CYT
P45880,MIT,MIT,MIT,CYT,CYT,CYT
Q9Y277,MIT,MIT,MIT,CYT,CYT,CYT
Q14119,NUC,NUC,NUC,NUC,NUC,NUC
P08670,CYT,CYT,CYT,MIT,NUC,MIT
Q9BTA9,NUC,NUC,NUC,CYT,NUC,NUC
O75554,NUC,NUC,NUC,NUC,NUC,NUC
O75717,NUC,NUC,NUC,NUC,NUC,NUC
Q9H1Z4,NUC,NUC,NUC,MIT,MIT,MIT
Q9C0J8,NUC,NUC,NUC,NUC,NUC,NUC
Q8NI36,NUC,MEM,NUC,CYT,CYT,CYT
Q9UNX4,NUC,CYT,NUC,CYT,CYT,ERE
P57081,NUC,NUC,NUC,CYT,EXC,MIT
P61964,NUC,MIT,NUC,CYT,CYT,CYT
Q6RFH5,NUC,NUC,NUC,MIT,NUC,NUC
Q6UXN9,NUC,MEM,NUC,CYT,CYT,CYT
O95785,NUC,NUC,NUC,CYT,NUC,NUC
Q9H4A3,CYT,NUC,NUC,CYT,NUC,NUC
Q14191,NUC,NUC,NUC,NUC,CYT,NUC
P23025,NUC,NUC,NUC,NUC,NUC,NUC
Q92889,NUC,NUC,NUC,CYT,CYT,CYT
Q9NQW7,CYT,CYT,CYT,CYT,MIT,CYT
P18887,NUC,NUC,EXC,NUC,NUC,NUC
Q13426,NUC,NUC,NUC,NUC,NUC,NUC
P13010,NUC,NUC,NUC,CYT,CYT,CYT
Q9H0D6,NUC,NUC,NUC,NUC,NUC,NUC
P12956,NUC,NUC,NUC,CYT,CYT,NUC
O75063,GLG,CYT,EXC,GLG,EXC,GLG
Q8IY57,NUC,NUC,NUC,NUC,NUC,NUC
P58557,NUC,CYT,NUC,MIT,MIT,MIT
O95619,NUC,CYT,CYT,CYT,CYT,NUC
P49750,NUC,NUC,EXC,CYT,NUC,NUC
Q96TA2,MIT,MIT,CYT,MIT,MEM,CYT
Q96DT7,NUC,NUC,NUC,NUC,NUC,NUC
O95625,NUC,NUC,NUC,NUC,NUC,NUC
O43829,NUC,NUC,NUC,CYT,NUC,NUC
Q9ULJ3,NUC,NUC,NUC,NUC,NUC,NUC
Q9HC78,NUC,NUC,NUC,NUC,NUC,NUC
Q8NAP3,NUC,NUC,NUC,NUC,NUC,NUC
Q96BR9,NUC,NUC,NUC,NUC,NUC,NUC
Q9Y2K1,NUC,NUC,NUC,CYT,NUC,CYT
O15062,NUC,NUC,NUC,NUC,NUC,NUC
Q8N5P1,NUC,NUC,EXC,CYT,EXC,NUC
Q6PJT7,NUC,NUC,EXC,CYT,NUC,NUC
Q86VM9,NUC,NUC,NUC,NUC,NUC,NUC
Q6NZY4,NUC,NUC,NUC,CYT,NUC,NUC
P37275,NUC,NUC,NUC,NUC,NUC,NUC
O95159,GLG,EXC,EXC,CYT,NUC,MEM
Q96JP5,NUC,NUC,NUC,NUC,NUC,NUC
Q8N5A5,NUC,NUC,CYT,CYT,NUC,NUC
Q9UKY1,NUC,NUC,NUC,NUC,NUC,NUC
Q9Y6X8,NUC,NUC,NUC,CYT,NUC,NUC
Q9H4I2,NUC,NUC,NUC,CYT,MIT,NUC
Q96NC0,NUC,NUC,NUC,NUC,NUC,NUC
Q9UDW3,NUC,NUC,NUC,CYT,CYT,NUC
Q9H898,NUC,NUC,NUC,NUC,NUC,NUC
Q8NF64,NUC,NUC,NUC,CYT,MEM,NUC
Q9H2Y7,NUC,NUC,NUC,NUC,NUC,NUC
O43670,NUC,NUC,NUC,NUC,NUC,NUC
Q9UDV6,NUC,NUC,NUC,NUC,NUC,NUC
O75362,NUC,NUC,NUC,NUC,NUC,NUC
Q9NZL3,NUC,NUC,NUC,CYT,NUC,NUC
P15622,NUC,NUC,NUC,CYT,NUC,NUC
Q9Y2P7,NUC,NUC,NUC,CYT,NUC,NUC
Q9Y2X9,NUC,NUC,NUC,NUC,NUC,NUC
Q9NRM2,NUC,NUC,NUC,CYT,NUC,NUC
Q9HCX3,NUC,NUC,NUC,CYT,NUC,NUC
Q96PQ6,NUC,NUC,NUC,CYT,NUC,NUC
Q5VUA4,NUC,NUC,NUC,NUC,NUC,NUC
Q5BKZ1,NUC,NUC,NUC,NUC,NUC,NUC
Q9Y3S2,NUC,NUC,NUC,CYT,NUC,NUC
Q9NQX6,NUC,NUC,NUC,CYT,NUC,NUC
Q9BYN7,NUC,NUC,NUC,NUC,NUC,NUC
Q7RTV3,NUC,NUC,NUC,CYT,NUC,NUC
Q53GI3,NUC,NUC,NUC,PEX,NUC,NUC
Q2M1K9,NUC,NUC,NUC,NUC,NUC,NUC
Q8N0Y2,NUC,NUC,NUC,CYT,NUC,NUC
Q8WTR7,NUC,NUC,NUC,CYT,NUC,NUC
Q8WV37,NUC,NUC,NUC,NUC,NUC,NUC
Q8TCN5,NUC,NUC,NUC,NUC,NUC,NUC
Q96ME7,NUC,NUC,NUC,NUC,NUC,NUC
Q9BR84,NUC,NUC,NUC,CYT,NUC,NUC
Q8N184,NUC,NUC,NUC,NUC,NUC,NUC
Q6ZN55,NUC,NUC,NUC,NUC,NUC,NUC
O00488,NUC,NUC,NUC,NUC,NUC,NUC
O15014,NUC,NUC,NUC,NUC,NUC,NUC
Q9UEG4,NUC,NUC,NUC,CYT,NUC,NUC
Q14966,NUC,NUC,NUC,NUC,NUC,NUC
Q9UID6,NUC,NUC,NUC,NUC,NUC,NUC
Q96N77,NUC,NUC,NUC,NUC,NUC,NUC
Q8N720,NUC,NUC,NUC,CYT,NUC,NUC
Q96C28,NUC,NUC,NUC,NUC,NUC,NUC
Q7L3S4,NUC,NUC,NUC,CYT,NUC,NUC
Q96MU6,NUC,EXC,NUC,CYT,NUC,NUC
Q6DD87,NUC,NUC,NUC,CYT,NUC,NUC
Q2TB10,NUC,NUC,NUC,NUC,NUC,NUC
O75541,NUC,NUC,NUC,NUC,NUC,NUC
Q96NB3,NUC,NUC,NUC,NUC,NUC,NUC
P17014,NUC,NUC,NUC,CYT,NUC,NUC
P17026,NUC,NUC,NUC,CYT,NUC,NUC
P17028,NUC,NUC,NUC,CYT,NUC,NUC
P17041,NUC,NUC,NUC,CYT,NUC,NUC
P51523,NUC,NUC,NUC,CYT,NUC,NUC
Q03923,NUC,NUC,NUC,CYT,NUC,NUC
Q9Y6M5,MEM,MEM,MEM,MEM,MEM,MEM
O95218,NUC,NUC,NUC,NUC,NUC,NUC
Q16670,NUC,NUC,NUC,NUC,NUC,NUC
Q9NX65,NUC,NUC,NUC,CYT,NUC,NUC
Q2QGD7,NUC,NUC,NUC,NUC,NUC,NUC
Q8IYH5,NUC,NUC,EXC,NUC,NUC,NUC
